{"cameraMode":{"drawMode":0,"name":"Shaded","section":"Shading Mode"},"sceneLighting":true,"audioPlay":false,"sceneViewState":{"showFog":true,"showMaterialUpdate":false,"showSkybox":true,"showFlares":true,"showImageEffects":true,"showParticleSystems":true},"in2DMode":false,"pivot":{"x":12.313570976257325,"y":-2.164151906967163,"z":80.78189849853516},"rotation":{"x":-0.033358484506607059,"y":0.051039036363363269,"z":-0.0018193322466686369,"w":-0.9983283281326294},"size":86.01541900634766,"orthographic":false}