{"cameraMode":{"drawMode":0,"name":"Shaded","section":"Shading Mode"},"sceneLighting":true,"audioPlay":false,"sceneViewState":{"showFog":true,"showMaterialUpdate":false,"showSkybox":true,"showFlares":true,"showImageEffects":true,"showParticleSystems":true},"in2DMode":false,"pivot":{"x":-2.448848009109497,"y":-2.6573994159698488,"z":3.8333911895751955},"rotation":{"x":-0.7106161713600159,"y":-0.004151136614382267,"z":0.004233039449900389,"w":-0.7036712169647217},"size":27.932146072387697,"orthographic":true}