{"cameraMode":{"drawMode":0,"name":"Shaded","section":"Shading Mode"},"sceneLighting":true,"audioPlay":false,"sceneViewState":{"showFog":true,"showMaterialUpdate":false,"showSkybox":true,"showFlares":true,"showImageEffects":true,"showParticleSystems":true},"in2DMode":false,"pivot":{"x":-16.71562385559082,"y":-13.080860137939454,"z":3.011354923248291},"rotation":{"x":-0.3443957567214966,"y":0.6215313076972961,"z":-0.35072433948516848,"w":-0.6101438403129578},"size":33.975547790527347,"orthographic":true}