{"cameraMode":{"drawMode":0,"name":"Shaded","section":"Shading Mode"},"sceneLighting":true,"audioPlay":false,"sceneViewState":{"showFog":true,"showMaterialUpdate":false,"showSkybox":true,"showFlares":true,"showImageEffects":true,"showParticleSystems":true},"in2DMode":false,"pivot":{"x":-5.154411315917969,"y":-11.302083015441895,"z":-0.4691658020019531},"rotation":{"x":-0.7106161713600159,"y":-0.004151136614382267,"z":0.004233039449900389,"w":-0.7036712169647217},"size":37.82172393798828,"orthographic":true}