{"cameraMode":{"drawMode":0,"name":"Shaded","section":"Shading Mode"},"sceneLighting":true,"audioPlay":false,"sceneViewState":{"showFog":true,"showMaterialUpdate":false,"showSkybox":true,"showFlares":true,"showImageEffects":true,"showParticleSystems":true},"in2DMode":false,"pivot":{"x":15.615739822387696,"y":9.509076118469239,"z":11.804258346557618},"rotation":{"x":-0.3765469491481781,"y":-0.5684838891029358,"z":0.32729706168174746,"w":-0.6542350649833679},"size":9.356012344360352,"orthographic":false}